chr	pos	ref	alt	cdna	aachange	Source		querytype	denovo
6	33405836	C	G			Clinvar:Benign		coordinates	unknown
6	33405982	G	A			Clinvar:Uncertain		coordinates	germline
6	33408514	C	T			Clinvar:Pathogenic		coordinates	TRUE
6	33410259	G	A			Clinvar:Uncertain		coordinates	germline
6	33411174	G	A			Clinvar:Uncertain		coordinates	germline
6	33411673	T	C			Clinvar:Benign		coordinates	germline
6	33412306	C	T			Clinvar:Likely_Pathogenic		coordinates	unknown
6	33419553	C	A			Clinvar:Likely_Benign		coordinates	germline
6	33406340	G	C			Denovodb:mcrae		coordinates	TRUE
6	33400583	G	A			Denovodb:mcrae		coordinates	TRUE
				C1685T		Autdb:Berryer		cdna	TRUE
				T1084C		Autdb:Berryer		cdna	TRUE
				G509A		AutDB:DecipheringDevDisorders		cdna	TRUE
				T1081C		AutDB:Parker		cdna	TRUE
6	33400583	G	A			AutDB:Parker		coordinates	TRUE
6	33405766	T	A			Autdb:Berryer		coordinates	TRUE
6	33403326	G	A			marv:missense		coordinates	TRUE
6	33391308	G	A			marv:missense		coordinates	TRUE
6	33411384	C	T			marv:missense		coordinates	TRUE
6	33391326	G	A			marv:missense		coordinates	TRUE
					E472Y	Ahmadian		protein	NA
					485	Ahmadian		site	NA
					485	Ahmadian		site	NA
					644	Ahmadian		site	NA
					R485P	Pena_RASGAP_high_effect		protein	NA
					N487T	Pena_RASGAP_high_effect		protein	NA
					S788A	Walkup_high_effect		protein	NA
					S788D	Walkup_high_effect		protein	NA
					T790A	Walkup_low_effect		protein	NA
					S817A	Walkup_low_effect		protein	NA
					L595G	Ahmadian_FLR_high_effect		protein	NA
					L595A	Ahmadian_FLR_unknown		protein	NA
					R596M	Ahmadian_FLR_high_effect		protein	NA
					R596A	Ahmadian_FLR_high_effect		protein	NA
					R596K	Ahmadian_FLR_low_effect		protein	NA
					K628E	Ahmadian_alpha7_high_effect		protein	NA
					N635D	Ahmadian_alpha7_high_effect		protein	NA
					R485K	Ahmadian_GAP_high_effect		protein	NA
					R485A	Ahmadian_GAP_high_effect		protein	NA
